id,text
1,Sample text for ID 1
2,Sample text for ID 2
3,Sample text for ID 3
4,Sample text for ID 4
5,Sample text for ID 5
6,Sample text for ID 6
7,Sample text for ID 7
8,Sample text for ID 8
9,Sample text for ID 9
10,Sample text for ID 10
11,Sample text for ID 11
12,Sample text for ID 12
13,Sample text for ID 13
14,Sample text for ID 14
15,Sample text for ID 15
16,Sample text for ID 16
17,Sample text for ID 17
18,Sample text for ID 18
19,Sample text for ID 19
20,Sample text for ID 20
21,Sample text for ID 21
22,Sample text for ID 22
23,Sample text for ID 23
24,Sample text for ID 24
25,Sample text for ID 25
26,Sample text for ID 26
27,Sample text for ID 27
28,Sample text for ID 28
29,Sample text for ID 29
30,Sample text for ID 30
31,Sample text for ID 31
32,Sample text for ID 32
33,Sample text for ID 33
34,Sample text for ID 34
35,Sample text for ID 35
36,Sample text for ID 36
37,Sample text for ID 37
38,Sample text for ID 38
39,Sample text for ID 39
40,Sample text for ID 40
41,Sample text for ID 41
42,Sample text for ID 42
43,Sample text for ID 43
44,Sample text for ID 44
45,Sample text for ID 45
46,Sample text for ID 46
47,Sample text for ID 47
48,Sample text for ID 48
49,Sample text for ID 49
50,Sample text for ID 50
51,Sample text for ID 51
52,Sample text for ID 52
53,Sample text for ID 53
54,Sample text for ID 54
55,Sample text for ID 55
56,Sample text for ID 56
57,Sample text for ID 57
58,Sample text for ID 58
59,Sample text for ID 59
60,Sample text for ID 60
61,Sample text for ID 61
62,Sample text for ID 62
63,Sample text for ID 63
64,Sample text for ID 64
65,Sample text for ID 65
66,Sample text for ID 66
67,Sample text for ID 67
68,Sample text for ID 68
69,Sample text for ID 69
70,Sample text for ID 70
71,Sample text for ID 71
72,Sample text for ID 72
73,Sample text for ID 73
74,Sample text for ID 74
75,Sample text for ID 75
76,Sample text for ID 76
77,Sample text for ID 77
78,Sample text for ID 78
79,Sample text for ID 79
80,Sample text for ID 80
81,Sample text for ID 81
82,Sample text for ID 82
83,Sample text for ID 83
84,Sample text for ID 84
85,Sample text for ID 85
86,Sample text for ID 86
87,Sample text for ID 87
88,Sample text for ID 88
89,Sample text for ID 89
90,Sample text for ID 90
91,Sample text for ID 91
92,Sample text for ID 92
93,Sample text for ID 93
94,Sample text for ID 94
95,Sample text for ID 95
96,Sample text for ID 96
97,Sample text for ID 97
98,Sample text for ID 98
99,Sample text for ID 99
100,Sample text for ID 100
